Workbook

Sheet HUONG_DAN
A1: Hướng dẫn chấm cặp CV–JD
A2: Người chấm: DEMO · Số cặp: 3 · Rubric: rubric_v2_draft1 · Mẫu: cv_jd_rating_workbook_v1
A3: Chấm độc lập. Không trao đổi điểm với người chấm khác và không xem output của mô hình trước khi nộp file.
A4: Quy trình cho mỗi cặp
A5: 1. Mở sheet CAP_CV_JD, lấy cặp theo thứ tự từ trên xuống. Mở PDF của CV và nội dung JD (sheet JD).
A6: 2. Sheet YEU_CAU_JD: với từng yêu cầu của JD, chọn trạng thái và chép nguyên văn đoạn CV làm bằng chứng.
A7: 3. Sheet TIEU_CHI: chấm 8 tiêu chí theo mô tả neo ở sheet RUBRIC. Chấm C8 (phù hợp JD) sau cùng, dựa vào bước 2.
A8: 4. Sheet TONG_THE: cho mức phù hợp 1–5, viết tối đa 3 gợi ý sửa CV quan trọng nhất, ghi số phút đã dùng.
A9: 5. Cột kiem_tra phải hiện OK ở mọi dòng. Sheet TIEN_DO cho biết cặp nào đã xong.
A10: Quy tắc trích dẫn bằng chứng
A11: • Chép nguyên văn từ PDF, tối đa khoảng 25 từ, không sửa chính tả. Chọn mục chứa đoạn đó ở cột muc_bang_chung.
A12: • Điểm từ 1 trở lên ở TIEU_CHI, và trạng thái met hoặc mentioned_only ở YEU_CAU_JD, bắt buộc có trích dẫn.
... A34: • Nếu mô tả neo không đủ để quyết định, ghi lại ở cột ghi_chu để thảo luận khi phân xử.

Sheet RUBRIC
A1: criterion_id | B1: tieu_chi | C1: trong_so | D1: cach_cham | E1: muc_0 | F1: muc_1 | G1: muc_2 | H1: muc_3 | I1: muc_4
A2: C1_structure | B2: Cấu trúc và hình thức trình bày | C2: 10 | D2: Xem toàn bộ PDF. Chấm cách tổ chức và trình bày, không chấm nội dung chuyên môn. | E2: Không xác định được các mục; thông tin lộn xộn, không theo được mạch. | F2: Có vài mục nhưng thứ tự rối, thiếu tiêu đề hoặc nội dung các mục lẫn vào nhau; nhiều lỗi định dạng. | G2: Đủ các mục chính nhưng trình bày thiếu nhất quán (ngày tháng, gạch đầu dòng, phông chữ) hoặc quá dày, quá dài. | H2: Mục rõ, thứ tự hợp lý, định dạng nhất quán; chỉ còn lỗi nhỏ như vài lỗi chính tả hoặc khoảng trắng. | I2: Mục rõ, thông tin quan trọng với vị trí được đặt trước, nhất quán, gọn (1–2 trang), không lỗi chính tả.
A3: C2_it_content | B3: Nội dung chuyên môn phù hợp lĩnh vực CNTT | C3: 10 | D3: Chấm độc lập với JD: CV có thể hiện chuyên môn CNTT rõ và nhất quán không. | E3: Nội dung không liên quan đến CNTT. | F3: Liên quan CNTT rất mờ nhạt; chủ yếu là thông tin chung chung. | G3: Có nội dung CNTT nhưng chung chung, không gắn với một hướng cụ thể (ví dụ Backend hoặc Frontend). | H3: Nội dung CNTT rõ, định hướng nghề nghiệp khớp một hướng cụ thể. | I3: Mục tiêu, kỹ năng, dự án và kinh nghiệm nhất quán với nhau; thể hiện chiều sâu kỹ thuật như thiết kế, kiểm thử, triển khai.
A4: C3_skills | B4: Kỹ năng chuyên môn và kỹ năng bổ trợ | C4: 15 | D4: Kỹ năng có minh chứng là kỹ năng xuất hiện trong dự án, kinh nghiệm hoặc chứng chỉ, không chỉ trong danh sách kỹ năng. | E4: Không nêu kỹ năng. | F4: Chỉ liệt kê vài kỹ năng rời rạc, không có ngữ cảnh sử dụng ở bất kỳ đâu trong CV. | G4: Danh sách kỹ năng khá đủ nhưng phần lớn không có minh chứng sử dụng; hoặc không có kỹ năng bổ trợ nào. | H4: Phần lớn kỹ năng chính có minh chứng sử dụng; có kỹ năng bổ trợ (làm việc nhóm, giao tiếp, ngoại ngữ) nhưng chưa có ngữ cảnh. | I4: Kỹ năng chính được nhóm rõ và có minh chứng; kỹ năng bổ trợ có ngữ cảnh cụ thể (vai trò trong nhóm, chứng chỉ ngoại ngữ).
A5: C4_projects | B5: Chất lượng mô tả dự án | C5: 15 | D5: Chấm theo 1–2 dự án liên quan nhất đến JD, không lấy trung bình mọi dự án. | E5: Không có dự án. | F5: Chỉ có tên dự án hoặc một dòng mô tả chung. | G5: Có vai trò hoặc công nghệ nhưng không nêu việc đã làm. | H5: Có vai trò, công nghệ và đầu việc cụ thể. | I5: Như mức 3, thêm kết quả đo được hoặc sản phẩm kiểm chứng được (link demo hoặc repo, số người dùng, số liệu).
A6: C5_experience | B6: Kinh nghiệm làm việc hoặc thực tập | C6: 10 | D6: Với JD thực tập hoặc fresher: nếu không có kinh nghiệm nhưng có dự án đạt mức 3 trở lên ở C4, cho tối đa 2 điểm và ghi 'dự án thay thế' ở cột lý do. | E6: Không có kinh nghiệm làm việc hoặc thực tập, và không có dự án thay thế. | F6: Có kinh nghiệm nhưng không liên quan CNTT, hoặc chỉ có tên công ty và chức danh. | G6: Có kinh nghiệm hoặc thực tập CNTT nhưng chỉ nêu trách nhiệm chung chung; hoặc dự án thay thế theo quy tắc trên. | H6: Kinh nghiệm hoặc thực tập CNTT có đầu việc và công nghệ cụ thể. | I6: Như mức 3, thêm kết quả hoặc phạm vi rõ (quy mô, người dùng, cải thiện đo được).
A7: C6_certs_activities | B7: Chứng chỉ, thành tích và hoạt động liên quan | C7: 5 | D7: Chỉ tính mức liên quan đến nghề; không cộng điểm cho xuất thân hay thông tin cá nhân. | E7: Không có chứng chỉ, giải thưởng hay hoạt động. | F7: Có nhưng không liên quan CNTT hoặc nghề nghiệp. | G7: Có ít nhất một mục liên quan nhưng chỉ nêu tên, không rõ đơn vị cấp hoặc năm. | H7: Có mục liên quan CNTT, rõ đơn vị và năm (ví dụ chứng chỉ ngoại ngữ, cloud, cuộc thi lập trình). | I7: Nhiều mục liên quan và kiểm chứng được: giải từ cấp trường trở lên, chứng chỉ chuyên môn được công nhận, vai trò nòng cốt trong CLB kỹ thuật.
A8: C7_ats | B8: Khả năng đáp ứng ATS (máy đọc được) | C8: 10 | D8: Thử bôi đen và sao chép chữ trong PDF. Chấm khả năng máy đọc đúng nội dung, không chấm thẩm mỹ. | E8: PDF dạng ảnh hoặc không chọn được chữ; máy gần như không đọc được. | F8: Chọn được chữ nhưng nhiều cột, bảng hoặc hộp chữ làm sai thứ tự đọc; thông tin quan trọng nằm trong hình hoặc biểu tượng. | G8: Đọc được phần lớn; còn một vấn đề như hai cột, thanh đo kỹ năng bằng đồ họa, tiêu đề mục lạ hoặc ngày tháng không nhất quán. | H8: Một cột, hoặc hai cột đơn giản vẫn đọc đúng thứ tự; tiêu đề mục phổ biến; chỉ còn lỗi nhỏ. | I8: Một cột, chọn được chữ, tiêu đề mục chuẩn, không dùng đồ họa thay chữ, ngày tháng nhất quán.
A9: C8_jd_fit | B9: Mức phù hợp với Job Description | C9: 25 | D9: Điền sheet YEU_CAU_JD trước, rồi chấm mục này. Tỷ lệ tính trên yêu cầu bắt buộc; 'mentioned_only' tính nửa. | E9: Dưới 20% yêu cầu bắt buộc có bằng chứng. | F9: Khoảng 20–40% yêu cầu bắt buộc có bằng chứng. | G9: Khoảng 40–60% yêu cầu bắt buộc có bằng chứng. | H9: Khoảng 60–80% yêu cầu bắt buộc có bằng chứng. | I9: Từ 80% yêu cầu bắt buộc trở lên có bằng chứng, và đáp ứng thêm một số yêu cầu ưu tiên.

Sheet CAP_CV_JD
A1: thu_tu | B1: pair_id | C1: cv_id | D1: jd_id | E1: vi_tri | F1: cap_do | G1: so_yeu_cau_bat_buoc | H1: so_yeu_cau_uu_tien | I1: tep_cv
A2: 1 | B2: DEMO-P01 | C2: CV_DEMO_01 | D2: JD_DEMO_BE | E2: Backend Developer Intern (ví dụ minh họa) | F2: intern | G2: 5 | H2: 3
A3: 2 | B3: DEMO-P03 | C3: CV_DEMO_02 | D3: JD_DEMO_FE | E3: Frontend Developer Fresher (ví dụ minh họa) | F3: fresher | G3: 4 | H3: 2
A4: 3 | B4: DEMO-P02 | C4: CV_DEMO_01 | D4: JD_DEMO_FE | E4: Frontend Developer Fresher (ví dụ minh họa) | F4: fresher | G4: 4 | H4: 2

Sheet JD
A1: jd_id | B1: vi_tri | C1: cap_do | D1: bat_buoc | E1: uu_tien | F1: trach_nhiem | G1: noi_dung_day_du
A2: JD_DEMO_BE | B2: Backend Developer Intern (ví dụ minh họa) | C2: intern | D2: Java Spring Boot SQL REST API Git | E2: Docker Redis Unit testing | F2: Xây dựng và kiểm thử REST API Thiết kế bảng dữ liệu và viết truy vấn SQL Tham gia review code cùng nhóm | G2: (chưa có tệp nội dung JD; xem các cột yêu cầu)
A3: JD_DEMO_FE | B3: Frontend Developer Fresher (ví dụ minh họa) | C3: fresher | D3: JavaScript React HTML/CSS Responsive design | E3: TypeScript Figma | F3: Xây dựng giao diện web bằng React Phối hợp với Backend để tích hợp API | G3: (chưa có tệp nội dung JD; xem các cột yêu cầu)

Sheet YEU_CAU_JD
A1: pair_id | B1: jd_id | C1: req_id | D1: loai | E1: yeu_cau | F1: trang_thai | G1: muc_bang_chung | H1: trich_dan | I1: ghi_chu | J1: kiem_tra
A2: DEMO-P01 | B2: JD_DEMO_BE | C2: JD_DEMO_BE-M01 | D2: must | E2: Java | J2: =IF(F2="","Chưa chấm",IF(OR(F2="met",F2="mentioned_only"),IF(H2="","Thiếu trích dẫn","OK"),IF(AND(F2="unclear",I2=""),"Ghi lý do","OK")))
A3: DEMO-P01 | B3: JD_DEMO_BE | C3: JD_DEMO_BE-M02 | D3: must | E3: Spring Boot | J3: =IF(F3="","Chưa chấm",IF(OR(F3="met",F3="mentioned_only"),IF(H3="","Thiếu trích dẫn","OK"),IF(AND(F3="unclear",I3=""),"Ghi lý do","OK")))
A4: DEMO-P01 | B4: JD_DEMO_BE | C4: JD_DEMO_BE-M03 | D4: must | E4: SQL | J4: =IF(F4="","Chưa chấm",IF(OR(F4="met",F4="mentioned_only"),IF(H4="","Thiếu trích dẫn","OK"),IF(AND(F4="unclear",I4=""),"Ghi lý do","OK")))
A5: DEMO-P01 | B5: JD_DEMO_BE | C5: JD_DEMO_BE-M04 | D5: must | E5: REST API | J5: =IF(F5="","Chưa chấm",IF(OR(F5="met",F5="mentioned_only"),IF(H5="","Thiếu trích dẫn","OK"),IF(AND(F5="unclear",I5=""),"Ghi lý do","OK")))
A6: DEMO-P01 | B6: JD_DEMO_BE | C6: JD_DEMO_BE-M05 | D6: must | E6: Git | J6: =IF(F6="","Chưa chấm",IF(OR(F6="met",F6="mentioned_only"),IF(H6="","Thiếu trích dẫn","OK"),IF(AND(F6="unclear",I6=""),"Ghi lý do","OK")))
A7: DEMO-P01 | B7: JD_DEMO_BE | C7: JD_DEMO_BE-N01 | D7: nice | E7: Docker | J7: =IF(F7="","Chưa chấm",IF(OR(F7="met",F7="mentioned_only"),IF(H7="","Thiếu trích dẫn","OK"),IF(AND(F7="unclear",I7=""),"Ghi lý do","OK")))
A8: DEMO-P01 | B8: JD_DEMO_BE | C8: JD_DEMO_BE-N02 | D8: nice | E8: Redis | J8: =IF(F8="","Chưa chấm",IF(OR(F8="met",F8="mentioned_only"),IF(H8="","Thiếu trích dẫn","OK"),IF(AND(F8="unclear",I8=""),"Ghi lý do","OK")))
A9: DEMO-P01 | B9: JD_DEMO_BE | C9: JD_DEMO_BE-N03 | D9: nice | E9: Unit testing | J9: =IF(F9="","Chưa chấm",IF(OR(F9="met",F9="mentioned_only"),IF(H9="","Thiếu trích dẫn","OK"),IF(AND(F9="unclear",I9=""),"Ghi lý do","OK")))
A10: DEMO-P03 | B10: JD_DEMO_FE | C10: JD_DEMO_FE-M01 | D10: must | E10: JavaScript | J10: =IF(F10="","Chưa chấm",IF(OR(F10="met",F10="mentioned_only"),IF(H10="","Thiếu trích dẫn","OK"),IF(AND(F10="unclear",I10=""),"Ghi lý do","OK")))
A11: DEMO-P03 | B11: JD_DEMO_FE | C11: JD_DEMO_FE-M02 | D11: must | E11: React | J11: =IF(F11="","Chưa chấm",IF(OR(F11="met",F11="mentioned_only"),IF(H11="","Thiếu trích dẫn","OK"),IF(AND(F11="unclear",I11=""),"Ghi lý do","OK")))
A12: DEMO-P03 | B12: JD_DEMO_FE | C12: JD_DEMO_FE-M03 | D12: must | E12: HTML/CSS | J12: =IF(F12="","Chưa chấm",IF(OR(F12="met",F12="mentioned_only"),IF(H12="","Thiếu trích dẫn","OK"),IF(AND(F12="unclear",I12=""),"Ghi lý do","OK")))
A13: DEMO-P03 | B13: JD_DEMO_FE | C13: JD_DEMO_FE-M04 | D13: must | E13: Responsive design | J13: =IF(F13="","Chưa chấm",IF(OR(F13="met",F13="mentioned_only"),IF(H13="","Thiếu trích dẫn","OK"),IF(AND(F13="unclear",I13=""),"Ghi lý do","OK")))
... A21: DEMO-P02 | B21: JD_DEMO_FE | C21: JD_DEMO_FE-N02 | D21: nice | E21: Figma | J21: =IF(F21="","Chưa chấm",IF(OR(F21="met",F21="mentioned_only"),IF(H21="","Thiếu trích dẫn","OK"),IF(AND(F21="unclear",I21=""),"Ghi lý do","OK")))

Sheet TIEU_CHI
A1: pair_id | B1: cv_id | C1: jd_id | D1: criterion_id | E1: tieu_chi | F1: trong_so | G1: trang_thai | H1: diem | I1: muc_bang_chung | J1: trich_dan | K1: ly_do | L1: do_tu_tin | M1: ghi_chu | N1: kiem_tra
A2: DEMO-P01 | B2: CV_DEMO_01 | C2: JD_DEMO_BE | D2: C1_structure | E2: Cấu trúc và hình thức trình bày | F2: 10 | N2: =IF(G2="","Chưa chấm",IF(G2="scored",IF(H2="","Thiếu điểm",IF(AND(H2>=1,J2=""),"Thiếu trích dẫn","OK")),IF(G2="missing_in_cv",IF(OR(H2="",H2=0),"OK","missing_in_cv phải là 0"),IF(H2<>"","Bỏ trống điểm",IF(K2="","Ghi lý do","OK")))))
A3: DEMO-P01 | B3: CV_DEMO_01 | C3: JD_DEMO_BE | D3: C2_it_content | E3: Nội dung chuyên môn phù hợp lĩnh vực CNTT | F3: 10 | N3: =IF(G3="","Chưa chấm",IF(G3="scored",IF(H3="","Thiếu điểm",IF(AND(H3>=1,J3=""),"Thiếu trích dẫn","OK")),IF(G3="missing_in_cv",IF(OR(H3="",H3=0),"OK","missing_in_cv phải là 0"),IF(H3<>"","Bỏ trống điểm",IF(K3="","Ghi lý do","OK")))))
A4: DEMO-P01 | B4: CV_DEMO_01 | C4: JD_DEMO_BE | D4: C3_skills | E4: Kỹ năng chuyên môn và kỹ năng bổ trợ | F4: 15 | N4: =IF(G4="","Chưa chấm",IF(G4="scored",IF(H4="","Thiếu điểm",IF(AND(H4>=1,J4=""),"Thiếu trích dẫn","OK")),IF(G4="missing_in_cv",IF(OR(H4="",H4=0),"OK","missing_in_cv phải là 0"),IF(H4<>"","Bỏ trống điểm",IF(K4="","Ghi lý do","OK")))))
A5: DEMO-P01 | B5: CV_DEMO_01 | C5: JD_DEMO_BE | D5: C4_projects | E5: Chất lượng mô tả dự án | F5: 15 | N5: =IF(G5="","Chưa chấm",IF(G5="scored",IF(H5="","Thiếu điểm",IF(AND(H5>=1,J5=""),"Thiếu trích dẫn","OK")),IF(G5="missing_in_cv",IF(OR(H5="",H5=0),"OK","missing_in_cv phải là 0"),IF(H5<>"","Bỏ trống điểm",IF(K5="","Ghi lý do","OK")))))
A6: DEMO-P01 | B6: CV_DEMO_01 | C6: JD_DEMO_BE | D6: C5_experience | E6: Kinh nghiệm làm việc hoặc thực tập | F6: 10 | N6: =IF(G6="","Chưa chấm",IF(G6="scored",IF(H6="","Thiếu điểm",IF(AND(H6>=1,J6=""),"Thiếu trích dẫn","OK")),IF(G6="missing_in_cv",IF(OR(H6="",H6=0),"OK","missing_in_cv phải là 0"),IF(H6<>"","Bỏ trống điểm",IF(K6="","Ghi lý do","OK")))))
A7: DEMO-P01 | B7: CV_DEMO_01 | C7: JD_DEMO_BE | D7: C6_certs_activities | E7: Chứng chỉ, thành tích và hoạt động liên quan | F7: 5 | N7: =IF(G7="","Chưa chấm",IF(G7="scored",IF(H7="","Thiếu điểm",IF(AND(H7>=1,J7=""),"Thiếu trích dẫn","OK")),IF(G7="missing_in_cv",IF(OR(H7="",H7=0),"OK","missing_in_cv phải là 0"),IF(H7<>"","Bỏ trống điểm",IF(K7="","Ghi lý do","OK")))))
A8: DEMO-P01 | B8: CV_DEMO_01 | C8: JD_DEMO_BE | D8: C7_ats | E8: Khả năng đáp ứng ATS (máy đọc được) | F8: 10 | N8: =IF(G8="","Chưa chấm",IF(G8="scored",IF(H8="","Thiếu điểm",IF(AND(H8>=1,J8=""),"Thiếu trích dẫn","OK")),IF(G8="missing_in_cv",IF(OR(H8="",H8=0),"OK","missing_in_cv phải là 0"),IF(H8<>"","Bỏ trống điểm",IF(K8="","Ghi lý do","OK")))))
A9: DEMO-P01 | B9: CV_DEMO_01 | C9: JD_DEMO_BE | D9: C8_jd_fit | E9: Mức phù hợp với Job Description | F9: 25 | N9: =IF(G9="","Chưa chấm",IF(G9="scored",IF(H9="","Thiếu điểm",IF(AND(H9>=1,J9=""),"Thiếu trích dẫn","OK")),IF(G9="missing_in_cv",IF(OR(H9="",H9=0),"OK","missing_in_cv phải là 0"),IF(H9<>"","Bỏ trống điểm",IF(K9="","Ghi lý do","OK")))))
A10: DEMO-P03 | B10: CV_DEMO_02 | C10: JD_DEMO_FE | D10: C1_structure | E10: Cấu trúc và hình thức trình bày | F10: 10 | N10: =IF(G10="","Chưa chấm",IF(G10="scored",IF(H10="","Thiếu điểm",IF(AND(H10>=1,J10=""),"Thiếu trích dẫn","OK")),IF(G10="missing_in_cv",IF(OR(H10="",H10=0),"OK","missing_in_cv phải là 0"),IF(H10<>"","Bỏ trống điểm",IF(K10="","Ghi lý do","OK")))))
A11: DEMO-P03 | B11: CV_DEMO_02 | C11: JD_DEMO_FE | D11: C2_it_content | E11: Nội dung chuyên môn phù hợp lĩnh vực CNTT | F11: 10 | N11: =IF(G11="","Chưa chấm",IF(G11="scored",IF(H11="","Thiếu điểm",IF(AND(H11>=1,J11=""),"Thiếu trích dẫn","OK")),IF(G11="missing_in_cv",IF(OR(H11="",H11=0),"OK","missing_in_cv phải là 0"),IF(H11<>"","Bỏ trống điểm",IF(K11="","Ghi lý do","OK")))))
A12: DEMO-P03 | B12: CV_DEMO_02 | C12: JD_DEMO_FE | D12: C3_skills | E12: Kỹ năng chuyên môn và kỹ năng bổ trợ | F12: 15 | N12: =IF(G12="","Chưa chấm",IF(G12="scored",IF(H12="","Thiếu điểm",IF(AND(H12>=1,J12=""),"Thiếu trích dẫn","OK")),IF(G12="missing_in_cv",IF(OR(H12="",H12=0),"OK","missing_in_cv phải là 0"),IF(H12<>"","Bỏ trống điểm",IF(K12="","Ghi lý do","OK")))))
A13: DEMO-P03 | B13: CV_DEMO_02 | C13: JD_DEMO_FE | D13: C4_projects | E13: Chất lượng mô tả dự án | F13: 15 | N13: =IF(G13="","Chưa chấm",IF(G13="scored",IF(H13="","Thiếu điểm",IF(AND(H13>=1,J13=""),"Thiếu trích dẫn","OK")),IF(G13="missing_in_cv",IF(OR(H13="",H13=0),"OK","missing_in_cv phải là 0"),IF(H13<>"","Bỏ trống điểm",IF(K13="","Ghi lý do","OK")))))
... A25: DEMO-P02 | B25: CV_DEMO_01 | C25: JD_DEMO_FE | D25: C8_jd_fit | E25: Mức phù hợp với Job Description | F25: 25 | N25: =IF(G25="","Chưa chấm",IF(G25="scored",IF(H25="","Thiếu điểm",IF(AND(H25>=1,J25=""),"Thiếu trích dẫn","OK")),IF(G25="missing_in_cv",IF(OR(H25="",H25=0),"OK","missing_in_cv phải là 0"),IF(H25<>"","Bỏ trống điểm",IF(K25="","Ghi lý do","OK")))))

Sheet TONG_THE
A1: pair_id | B1: cv_id | C1: jd_id | D1: muc_phu_hop | E1: nhan_xet_chung | F1: goi_y_1 | G1: tieu_chi_goi_y_1 | H1: goi_y_2 | I1: tieu_chi_goi_y_2 | J1: goi_y_3 | K1: tieu_chi_goi_y_3 | L1: thoi_gian_phut | M1: kiem_tra
A2: DEMO-P01 | B2: CV_DEMO_01 | C2: JD_DEMO_BE | M2: =IF(D2="","Chưa chấm mức phù hợp",IF(F2="","Cần ít nhất 1 gợi ý",IF(OR(AND(F2<>"",G2=""),AND(H2<>"",I2=""),AND(J2<>"",K2="")),"Gợi ý thiếu tiêu chí","OK")))
A3: DEMO-P03 | B3: CV_DEMO_02 | C3: JD_DEMO_FE | M3: =IF(D3="","Chưa chấm mức phù hợp",IF(F3="","Cần ít nhất 1 gợi ý",IF(OR(AND(F3<>"",G3=""),AND(H3<>"",I3=""),AND(J3<>"",K3="")),"Gợi ý thiếu tiêu chí","OK")))
A4: DEMO-P02 | B4: CV_DEMO_01 | C4: JD_DEMO_FE | M4: =IF(D4="","Chưa chấm mức phù hợp",IF(F4="","Cần ít nhất 1 gợi ý",IF(OR(AND(F4<>"",G4=""),AND(H4<>"",I4=""),AND(J4<>"",K4="")),"Gợi ý thiếu tiêu chí","OK")))

Sheet TIEN_DO
A1: pair_id | B1: tieu_chi_ok | C1: tong_tieu_chi | D1: yeu_cau_ok | E1: tong_yeu_cau | F1: tong_the_ok | G1: trang_thai | I1: Số cặp đã xong
A2: DEMO-P01 | B2: =COUNTIFS(TIEU_CHI!$A:$A,A2,TIEU_CHI!$N:$N,"OK") | C2: =COUNTIF(TIEU_CHI!$A:$A,A2) | D2: =COUNTIFS(YEU_CAU_JD!$A:$A,A2,YEU_CAU_JD!$J:$J,"OK") | E2: =COUNTIF(YEU_CAU_JD!$A:$A,A2) | F2: =COUNTIFS(TONG_THE!$A:$A,A2,TONG_THE!$M:$M,"OK") | G2: =IF(AND(B2=C2,D2=E2,F2=1),"Xong","Chưa") | I2: =COUNTIF(G2:G4,"Xong")&" / 3"
A3: DEMO-P03 | B3: =COUNTIFS(TIEU_CHI!$A:$A,A3,TIEU_CHI!$N:$N,"OK") | C3: =COUNTIF(TIEU_CHI!$A:$A,A3) | D3: =COUNTIFS(YEU_CAU_JD!$A:$A,A3,YEU_CAU_JD!$J:$J,"OK") | E3: =COUNTIF(YEU_CAU_JD!$A:$A,A3) | F3: =COUNTIFS(TONG_THE!$A:$A,A3,TONG_THE!$M:$M,"OK") | G3: =IF(AND(B3=C3,D3=E3,F3=1),"Xong","Chưa")
A4: DEMO-P02 | B4: =COUNTIFS(TIEU_CHI!$A:$A,A4,TIEU_CHI!$N:$N,"OK") | C4: =COUNTIF(TIEU_CHI!$A:$A,A4) | D4: =COUNTIFS(YEU_CAU_JD!$A:$A,A4,YEU_CAU_JD!$J:$J,"OK") | E4: =COUNTIF(YEU_CAU_JD!$A:$A,A4) | F4: =COUNTIFS(TONG_THE!$A:$A,A4,TONG_THE!$M:$M,"OK") | G4: =IF(AND(B4=C4,D4=E4,F4=1),"Xong","Chưa")

Sheet DANH_MUC
A1: trang_thai_tieu_chi | B1: diem | C1: muc_bang_chung | D1: trang_thai_yeu_cau | E1: muc_phu_hop | F1: do_tu_tin | G1: criterion_id
A2: scored | B2: 0 | C2: summary | D2: met | E2: 1 | F2: cao | G2: C1_structure
A3: missing_in_cv | B3: 1 | C3: skills | D3: mentioned_only | E3: 2 | F3: trung_binh | G3: C2_it_content
A4: not_applicable | B4: 2 | C4: experience | D4: missing | E4: 3 | F4: thap | G4: C3_skills
A5: unreadable | B5: 3 | C5: projects | D5: unclear | E5: 4 | G5: C4_projects
B6: 4 | C6: education | E6: 5 | G6: C5_experience
C7: certifications | G7: C6_certs_activities
C8: activities | G8: C7_ats
C9: awards | G9: C8_jd_fit
C10: personal_info
C11: toan_bo_cv

Sheet META
A1: key | B1: value
A2: layout_version | B2: cv_jd_rating_workbook_v1
A3: rater_id | B3: DEMO
A4: rubric_version | B4: rubric_v2_draft1
A5: rubric_sha256 | B5: 9972d22326c84dd05c650bca3078c2839f7162ffe6d875cbdac7ba8186d81c5e
A6: pairs_sha256 | B6: 1c59db8d7404e73871e8d57eaba172b45bbab46042f44b74ced3b02c2b5c87bd
A7: jd_gold_sha256 | B7: 38d13f87cb0f7c168662eaafe7787480cd73a5c854cea2f5f1f4e52d915e46aa
A8: order_seed | B8: 20261013
A9: split | B9: all
A10: pair_count | B10: 3
A11: criterion_rows | B11: 24
A12: requirement_rows | B12: 20
A13: locked | B13: FALSE
A14: created_at | B14: 2026-10-13T00:00:00Z
